metric,value,period,source
china_magnet_export_decline_pct,51,"April 2025 vs March 2025",Wood Mackenzie (via supply chain press reporting)
china_export_license_approval_rate_pct,25,"2025 (automotive suppliers)",Wood Mackenzie (via supply chain press reporting)
us_magnet_import_decline_pct,58,2025,Wood Mackenzie (via supply chain press reporting)
india_magnet_import_decline_pct,78,2025,Wood Mackenzie (via supply chain press reporting)
south_korea_magnet_import_decline_pct,73,2025,Wood Mackenzie (via supply chain press reporting)
germany_magnet_import_decline_pct,47,2025,Wood Mackenzie (via supply chain press reporting)
china_global_processing_share_pct,90,2025,"Wood Mackenzie analyst statement (processing capacity, distinct from mine production share)"
us_domestic_alt_supply_investment_usd,1400000000,2025,Wood Mackenzie (via supply chain press reporting)
automakers_with_reported_production_impact,"BMW; Ford; Suzuki",2025,Wood Mackenzie / European Association of Automotive Suppliers (via supply chain press reporting)
