source_report,data_year,country,mine_production_tons_reo,reserves_tons_reo
MCS2025,2023,United States,41600,1900000
MCS2025,2023,Australia,116000,125700000
MCS2025,2023,Brazil,140,21000000
MCS2025,2023,Burma,143000,NA
MCS2025,2023,Canada,0,830000
MCS2025,2023,China,255000,44000000
MCS2025,2023,India,2900,6900000
MCS2025,2023,Madagascar,112100,NA
MCS2025,2023,Malaysia,310,NA
MCS2025,2023,Nigeria,117200,NA
MCS2025,2023,Russia,2500,3800000
MCS2025,2023,Vietnam,300,3500000
MCS2025,2023,Other,1440,NA
MCS2025,2023,World Total,376000,>90000000
MCS2025,2024e,United States,45000,1900000
MCS2025,2024e,Australia,113000,125700000
MCS2025,2024e,Brazil,20,21000000
MCS2025,2024e,Burma,131000,NA
MCS2025,2024e,Canada,0,830000
MCS2025,2024e,China,270000,44000000
MCS2025,2024e,India,2900,6900000
MCS2025,2024e,Madagascar,112000,NA
MCS2025,2024e,Malaysia,130,NA
MCS2025,2024e,Nigeria,113000,NA
MCS2025,2024e,Russia,2500,3800000
MCS2025,2024e,Vietnam,300,3500000
MCS2025,2024e,Other,1100,NA
MCS2025,2024e,World Total,390000,>90000000
MCS2026,2024,United States,45500,1900000
MCS2026,2024,Australia,29000,6300000
MCS2026,2024,Brazil,560,21000000
MCS2026,2024,Burma,27000,NA
MCS2026,2024,Canada,0,830000
MCS2026,2024,China,270000,44000000
MCS2026,2024,Greenland,0,1500000
MCS2026,2024,India,2900,NA
MCS2026,2024,Madagascar,1400,NA
MCS2026,2024,Malaysia,140,710000
MCS2026,2024,Nigeria,1500,NA
MCS2026,2024,Russia,2600,3800000
MCS2026,2024,South Africa,0,860000
MCS2026,2024,Tanzania,0,890000
MCS2026,2024,Thailand,2100,NA
MCS2026,2024,Vietnam,300,3500000
MCS2026,2024,World Total,380000,>85000000
MCS2026,2025e,United States,51000,1900000
MCS2026,2025e,Australia,29000,6300000
MCS2026,2025e,Brazil,2000,21000000
MCS2026,2025e,Burma,22000,NA
MCS2026,2025e,Canada,0,830000
MCS2026,2025e,China,270000,44000000
MCS2026,2025e,Greenland,0,1500000
MCS2026,2025e,India,2900,NA
MCS2026,2025e,Madagascar,2700,NA
MCS2026,2025e,Malaysia,110,710000
MCS2026,2025e,Nigeria,1500,NA
MCS2026,2025e,Russia,2600,3800000
MCS2026,2025e,South Africa,0,860000
MCS2026,2025e,Tanzania,0,890000
MCS2026,2025e,Thailand,4800,NA
MCS2026,2025e,Vietnam,150,3500000
MCS2026,2025e,World Total,390000,>85000000
