source_report,year,mine_concentrates_tons,compounds_metals_production_tons,imports_compounds_tons,exports_ores_compounds_tons,net_import_reliance_pct
MCS2025,2020,39000,NA,6510,40000,NA
MCS2025,2021,42400,120,7690,44200,NA
MCS2025,2022,42500,95,10700,45900,NA
MCS2025,2023,41600,250,8920,20700,NA
MCS2025,2024e,45000,1300,8000,43000,NA
MCS2026,2021,42400,120,7730,45700,>95
MCS2026,2022,42500,95,10800,45900,>95
MCS2026,2023,41600,800,8970,20700,>90
MCS2026,2024,45500,4300,8120,37500,53
MCS2026,2025e,51000,8900,21000,14000,67
